﻿<?xml version="1.0" encoding="UTF-8" standalone="yes"?>
<addon id="plugin.video.chantube" version="1.0.0" name="Kenh Youtube" provider-name="chanmodoi">	
	<requires>		
		<import addon="xbmc.python" version="2.1.0" />	
		<import addon="plugin.video.youtube" version="5.1.8"/>	
	</requires>	
	<extension point="xbmc.python.pluginsource" library="addon.py">		
		<provides>video</provides>	
	</extension>	
	<extension point="xbmc.addon.metadata">
		<platform>all</platform>		
		<summary lang="en">Channels Youtube</summary>
		<description lang="en">This plugin collection of interesting Youtube channels</description>
		<language>vi</language>
		<license>GNU GENERAL PUBLIC LICENSE. Version 2, June 1991</license>
		<forum></forum>
		<website>https://github.com/chanmodoi/KODI-Addons</website>
		<source>https://github.com/chanmodoi/KODI-Addons</source>
		<disclaimer></disclaimer>
		<email></email>
		<broken></broken>
	</extension>
</addon>