<?xml version="1.0" encoding="UTF-8"?>
<addon id="plugin.video.ex8"
version="0.0.2"
name="Example Kodi Video Plugin"
provider-name="Roman_V_M">
<requires>
  <import addon="xbmc.python" version="2.24.0"/>
</requires>
<extension point="xbmc.python.pluginsource" library="main.py">
  <provides>video</provides>
</extension>
<extension point="xbmc.addon.metadata">
  <summary lang="en">Example Kodi Video Plugin</summary>
  <description lang="en">An example video plugin for Kodi mediacenter.</description>
  <disclaimer lang="en">Free sample videos are provided by www.vidsplay.com.</disclaimer>
  <assets>
    <icon>iconCool.jpg</icon>
    <fanart>fanart.jpg</fanart>
    <screenshot>resources\screenshot-01.jpg</screenshot>
    <screenshot>resources\screenshot-02.jpg</screenshot>
    <screenshot>resources\screenshot-03.jpg</screenshot>    
  </assets>
  <news>Updated with latest artwork metadata</news>
</extension>
</addon>
